,,
,,
Trend,Comments,Date
Short Kurthi,Last one is too good,2024-07-11
Short Kurthi,Tauba tauba editing  That stop,2024-07-12
Short Kurthi,You are looking like Radhika Merchant.you are too beautiful ️,2024-07-12
Short Kurthi,3rd one is best by the way looking beautiful in every outfit ,2024-07-11
Short Kurthi,Which app do you use for editing??,2024-07-12
Short Kurthi,Makeup tutorial pleasee it looks beautiful,2024-07-13
Short Kurthi,you look so beautiful in this dress wow di,2024-07-12
Short Kurthi,"Hey
I already hv the same last kurti
Looks really cute
",2024-07-11
Short Kurthi,"This songgg
Lots of blessings and love from Chhattisgarh diii namaste Jai hind",2024-07-12
Short Kurthi,Beautiful didi  hope I will meet you once in my life I'm seriously soo inspired by you I can't even tell you  just love you keep growing,2024-07-11
Short Kurthi,"Absolutely beautiful 

",2024-07-13
Short Kurthi,"My mother says everyonr doesn’t look good in makeup .Those who are naturally beautiful makeup hides their beauty.

",2024-07-12
Short Kurthi,Wowwwwww she look differen,2024-07-11
Short Kurthi,"good ,awesome",2024-07-12
Short Kurthi,Wow collection looks great,2024-07-12
Short Kurthi,Fabulous transitions,2024-07-11
Short Kurthi,Beautiful,2024-07-12
Short Kurthi,Beautiful,2024-07-13
Short Kurthi,Looking beautiful,2024-07-11
Short Kurthi,Link,2024-07-12
Short Kurthi,"White one looks classy

",2024-07-13
Short Kurthi,In which size you order these kurtis,2024-07-12
Short Kurthi,It's not the dresses...it's the pretty you,2024-07-13
Short Kurthi,More lovely,2024-07-11
Short Kurthi,White kurti link at,2024-07-12
Short Kurthi,"Last one I have in onion shade, it's amazing",2024-07-13
Short Kurthi,"Last one I too even have not that good

",2024-07-12
Short Kurthi,"Didi 1st n 2nd ki link do

",2024-07-12
Short Kurthi,Please share these links,2024-07-13
Short Kurthi,"Last one ,super
",2024-07-12
Short Kurthi,VERY GOOD ,2024-07-13
Short Kurthi,lovely,2024-07-12
Short Kurthi,amazing,2024-07-12
Short Kurthi,link,2024-07-11
Short Kurthi,link,2024-07-12
Short Kurthi,link,2024-07-13
Short Kurthi,Link please ,2024-07-11
Short Kurthi,Link of the blue or white kurti,2024-07-12
Short Kurthi,Link please ,2024-07-13
Short Kurthi,"inke links mention kar do please
",2024-07-11
Short Kurthi,What happens to every website after logging in?,2024-07-12
Short Kurthi,"Link!??
",2024-07-11
Short Kurthi,Kurti link ?,2024-07-11
Short Kurthi,Link plzz,2024-07-11
Short Kurthi,"Links??
",2024-07-11
Short Kurthi,"Didi please share the link
",2024-07-11
Short Kurthi,"Price
",2024-07-12
Short Kurthi,link,2024-07-13
Short Kurthi,Link plzz,2024-07-11
Short Kurthi,link,2024-07-12
Short Kurthi,"Aap toh links toh kaise ke bhi nhi krete ho..so what's even the use of showcasing all of this
",2024-07-11
Short Kurthi,Link share please,2024-07-11
Short Kurthi,"Didi link dedo yaar please
",2024-07-12
Short Kurthi,Link plzz,2024-07-11
Short Kurthi,Link please ,2024-07-12
Short Kurthi,link yaar,2024-07-13
Short Kurthi,link to check,2024-07-14
Short Kurthi,link ree,2024-07-12
Short Kurthi,link yeah!,2024-07-12
Short Kurthi," Didi link dedo yaar please

",2024-07-11
Short Kurthi,link ??,2024-07-12
Short Kurthi,Link,2024-07-12
Short Kurthi,link?,2024-07-11
Short Kurthi,Link,2024-07-11
Short Kurthi,Link please ,2024-07-12
Short Kurthi,link PLEASE LOVELY,2024-07-12
Short Kurthi,link loving this!!,2024-07-12
Short Kurthi,Link,2024-07-12
Short Kurthi,Link,2024-07-11
Short Kurthi,Link,2024-07-11
Short Kurthi,Link pls,2024-07-12
Short Kurthi,link to buy,2024-07-13
Short Kurthi,link ?,2024-07-14
Short Kurthi,Link,2024-07-11
Short Kurthi,Link,2024-07-12
Short Kurthi,Link,2024-07-13
Short Kurthi,link,2024-07-11
Short Kurthi,link,2024-07-12
Short Kurthi,link,2024-07-13
Short Kurthi,link,2024-07-11
Short Kurthi,link,2024-07-12
Short Kurthi,link,2024-07-13
Short Kurthi,link,2024-07-11
Short Kurthi,link,2024-07-12
Short Kurthi,link,2024-07-13